#{"t_start": 1774365748.3015363, "env_id": "Hopper-Fric-Gauss-20-v0"}
r,l,t
15.8963,18,2.746136
6.650925,24,2.764555
51.088541,52,2.818193
16.842551,18,3.086114
13.151028,27,3.861129
25.53274,38,4.802763
11.89563,21,5.308057
8.37725,27,5.966972
