#{"t_start": 1774365780.715298, "env_id": "Hopper-Mass-Uni-80-v0"}
r,l,t
34.232649,35,2.724722
8.274486,12,2.734695
18.563952,22,2.748657
13.784862,25,2.767783
11.188557,14,2.950897
6.068822,18,3.355049
12.275543,17,3.752282
14.858179,21,4.244464
6.21251,14,4.592878
19.083896,22,5.112752
50.08486,54,6.322801
9.472014,18,6.740966
10.897657,15,7.183399
