#{"t_start": 1774365765.3616252, "env_id": "Hopper-Fric-Uni-50-v0"}
r,l,t
52.304166,43,2.793522
19.425629,26,2.810501
7.328763,10,2.816485
7.528689,14,2.824121
8.062951,12,2.958718
8.01841,27,3.608413
11.147981,16,4.002105
