#{"t_start": 1774365765.4395974, "env_id": "Hopper-Fric-Gauss-50-v0"}
r,l,t
15.894212,18,2.781059
6.650567,24,2.803079
51.076726,52,2.837819
16.847347,18,3.117972
13.153511,27,3.788302
