#{"t_start": 1774365765.2250683, "env_id": "Hopper-Mass-Uni-50-v0"}
r,l,t
34.620598,35,2.751818
7.842999,12,2.764484
18.569599,22,2.778203
11.052463,26,2.793441
12.986919,15,3.044369
4.482365,15,3.432386
12.846672,18,3.863622
