#{"t_start": 1774365765.4395974, "env_id": "Hopper-MassFric-Uni-50-v0"}
r,l,t
7.623812,18,2.798014
19.289028,25,2.817261
7.92835,13,2.82585
5.843518,13,2.833829
4.773541,16,2.847792
14.605802,17,2.889809
16.149286,20,3.369335
5.07233,12,3.66018
